Disease,Category,Chakra,Nphenotype,Ngenes,Elite,Inheritance,Nvariants,Phenotype_System,Gene,Promoter
Wilson_Disease,endocrine,ritu,62,1,yes,autosomal_recessive_inheritance,311,Nervous_system,ATP7B,CCTTCCATGCTGTGTGTGGCCCTCAGATATTCTGCCCGCTAAGCGCAAACATAGTGCTTTAGCTTGGTTTAAATGGCACTTTATTGCAGCTTTCCTGCCCCACCCAGG
Adult_Polyglucosan_Body_Disease,endocrine,ritu,27,1,yes,autosomal_recessive_inheritance,4,Nervous_system,GBE1,TGAGCGAGGTCAGCTTGGGACCCACCTCCTAGAATGACCTCCGCCAGCAGGAAAAAACCGTTAAGGGGAGGAAAGGGCAGGTCCCTGCGGCCTCCAGGTGCCAGCCGC
Alpha-1_Antitrypsin_Deficiency,endocrine,ritu,14,1,yes,autosomal_recessive_inheritance,57,Digestive_system,SERPINA1,GGCTGGTTTAATAATCCCTAGGCACTTCCACGTGGTGTCAATCCCTGATCACTGGGAGTCATCATGTGCCTTGACTCGGGGCCTGGCCCCCCCATCTCTGTCTTGCAG
Familial_Hypercholesterolemia,endocrine,ritu,70,10,yes,autosomal_dominant_inheritance,2342,Cardiovascular_system,LDLR,ACAACAAATCAAGTCGCCTGCCCTGGCGACACTTTCGAAGGACTGGAGTGGGAATCAGAGCTTCACGGGTTAAAAAGCCGATGTCACATCGGCCGTTCGAAACTCCTC
Hermansky_Pudlak_Syndrome,endocrine,ritu,7,9,yes,autosomal_recessive_inheritance,3,Skeletal_system,HPS6,CTCCCCCGGCGGGCGTGTAGTGTCGGCCCAGCGACTGCGGGAGGCATCCCGGAGCCGGCCGGGCGGGGCGGAGTCGACGCTCGGCCCGGCCTCTGCTCACCTCATCCA
Wolfram-Like_Syndrome,endocrine,ritu,27,1,yes,autosomal_dominant_inheritance,6,Nervous_system,WFS1,TGATTGGCGGCTACACCGGCCACTCAGCAGGCCGAGCTGGCGCCGCATCCGGGGGGCCGCGTCTGGAGTGGAGGGAGGCCGAAGGCCCCGCCCCTGCCCCGCCCCCTC
Barth_Syndrome,endocrine,ritu,28,2,yes,X-linked_recessive_inheritance,45,Head_or_neck,TAFAZZIN,ACGGGGTGACGGCCACTTCCCGCCGCCCCGGGGCTGGCCTCGCTGCCGTCAAGCGGCCCGTGCGCGCTTTGCGACAGTCGGTCGGGCTGGGCACCGGCGCAGGTTCGC
Cystic_Fibrosis,endocrine,ritu,21,21,yes,autosomal_recessive_inheritance,872,Immune_system,CFTR,GCAAATTTGGGGCCGGACCAGGCAGCACTCGGCTTTTAACCTGGGCAGTGAAGGCGGGGGAAAGAGCAAAAGGAAGGGGTGGTGTGCGGAGTAGGGGTGGGTGGGGGG
Homozygous_Familial_Hypercholesterolemia,endocrine,ritu,70,6,yes,autosomal_dominant_inheritance,2342,Cardiovascular_system,LDLR,ACAACAAATCAAGTCGCCTGCCCTGGCGACACTTTCGAAGGACTGGAGTGGGAATCAGAGCTTCACGGGTTAAAAAGCCGATGTCACATCGGCCGTTCGAAACTCCTC
Congenital_Adrenal_Hyperplasia,endocrine,ritu,422,2,yes,autosomal_recessive_inheritance,176,Genitourinary_system,CYP21A2,TTCTCGATGGGTGATTAATTTTTTTTGAAATACGGACGTCCCAAGGCCAATGAGACTGGTGTCATTCCAGAAAAGGGCCACTCTGTGGGTGGGTCGGTGGGAAGGCAC
Familial_Chylomicronemia_Syndrome,endocrine,ritu,52,1,yes,autosomal_recessive_inheritance,65,Digestive_system,LDLR,ACAACAAATCAAGTCGCCTGCCCTGGCGACACTTTCGAAGGACTGGAGTGGGAATCAGAGCTTCACGGGTTAAAAAGCCGATGTCACATCGGCCGTTCGAAACTCCTC
Addisons_Disease,endocrine,ritu,1051,1,yes,autosomal_recessive_inheritance,635,Genitourinary_system,ABCD1,CCGGACTCCGCCCCTCGCCCCTCCTCCGCCTCCTCCCCTTCCCCCGACTCGCCCCTGGGGAAGAGTGGGTGGGGATTCTGGGCCGGTGGAGGAGTCACTGTCGCTTCA
Pten_Hamartoma_Tumor_Syndrome,endocrine,ritu,435,5,yes,autosomal_dominant_inheritance,173,Skeletal_system,PTEN,CAGGCAGCTACACTGGGCATGCTCAGTAGAGCCTGCGGCTTGGGGACTCTGCGCTCGCACCCAGAGCTACCGCTCTGCCCCCTCCTACCGCCCCCTGCCCTGCCCTGC
Familial_Partial_Lipodystrophy,endocrine,ritu,271,1,yes,autosomal_dominant_inheritance,48,Metabolism/homeostasis,LMNA,TAAATGAACTGGATGGAGCAGCATGAAACTGACGGGAGGGGGGCGCGCCGGGGGCGCCCGGGGCATGCCGGGAGTTGTAGTTTCCCGCCCTTGGGGGCGCGGGGACAA
Lipoprotein_Lipase_Deficiency,endocrine,ritu,14,1,yes,autosomal_recessive_inheritance,42,Digestive_system,LPL,GTTGAGTATTTAACGTGAATCGATGTAAACCTGTGTTTGGTGCTTAGACAGGGGGCCCCCGGGTAGAGTGGAACCCCTTAAGCTAAGCGAACAGGAGCCTAACAAAGC
Glycogen_Storage_Disease,endocrine,ritu,23,5,yes,autosomal_recessive_inheritance,217,Head_or_neck,GAA,GGGGGGCGTAGCGCGGACGCGCACCCTTGCCTCGGGCGCCTGCGCGGGAGGCCGCGTCACGTGACCCACCGCGGCCCCGCCCCGCGACGAGCTCCCGCCGGTCACGTG
Amyloidosis,endocrine,ritu,191,1,no,autosomal_dominant_inheritance,144,Nervous_system,TTR,CCTAACTGGTCAAATGACCTATTAAGAATATTTCATAGAACGAATGTTCCGATGCTCTAATCTCTCTAGACAAGGTTCATATTTGTATGGGTTACTTATTCTCTCTTT
Hypoparathyroidism,endocrine,ritu,920,1,no,autosomal_dominant_inheritance,408,Skeletal_system,PTH,GTGTGTGTATGTGCTGCTTTGAACCTATAGTTGAGATCCAGAGAATTGGGAGTGACATCATCTGTAACAATAAAAGAGCCTCTCTTGGTAAGCAGAAGACCTATATAT
Hypophosphatemic_Ricketts,endocrine,ritu,242,1,yes,X_linked,228,Skeletal_system,FGF23,CCTCCGGGGTCTTTGCACTTTCTTTCAATGGGCTGATTACAACACAGAGGATGTGGACAGTGGAGTTTTTCCTGTTTGATGTCACACTGCTACCCTTTAAAAGTCTGA
Lipodystrophy,endocrine,ritu,1051,7,yes,autosomal_recessive_inheritance,193,Head_or_neck,BSCL2,CTCGGGAAGGCTCCGCCCCGTCCCGCCCCGCCCCGCCGTGCTGGACCCCGCCCTGGGCTGAAGCCCCGCCTCCCACGGCTACAAAAGCGGCCGGCGGAGAGGGGCGGG
Mitochondrial_Disease,endocrine,ritu,8894,40,yes,maternal*,6325,Nervous_system,POLG,GCTCCATTGGCGGCCCTCCTATTGGTCGCGCTGGGAGTCTCCCGCTTGCCTCTCGGGTAGCCGCGGGACCTAGCTGGGTGCAGACGGGAAGTTGCGGCTGCCAGCGAA
Porphyria_164,metaboilc,indu,299,1,no,autosomal_dominant_inheritance,153,Nervous_system,HMBS,ACTTGCTCATGTCACAGCTGGGGAATGGGGTGGTCGAATGGGGAGGTCCACTGTCGCAATGTTCCAATTCCCGCCCAGAGGGAGGGACCTCCCCTTCGAGGGAGGGCG
Creatine_Transporter_Deficiency_89,metabolic,indu,54,1,yes,X-linked_recessive_inheritance,40,Nervous_system,GAMT,GAGGGGGCGGCCGGGGCCCCGACCCCACTCCCGCCACCTCTCGCGTGGCCGCCGCTAGAGGCCGCTCCCGGAGCCGCGCGCGCGCGTCCTCTCGCGGGTCCGCCCCCC
Primary_Hyperoxaluria_Type_1_94,metabolic,indu,39,1,yes,autosomal_recessive_inheritance,195,Skeletal_system,AGXT,CTCAGCCCTGGGGGCTCCCTCTGCCTGAGGGCTTCGTCCCCTGCTGCCTGGCCGTGACCCGCAGCACAAGCACAGATAAGCCTCAGGGAACAAAAGGCAGGGCTGCCA
Cystinuria_131,metabolic,indu,11,3,yes,autosomal_recessive_inheritance,54,Genitourinary_system,SLC3A1,GCGCCAGTCCCGAGATTTTTTTTTTAAACCTCTGTACTTTTACCCTTTCTTCCTTGGCTGGACTTTGTCCAGCTAGGTTTATTTATAAACCACACAAAGTTCATTAAC
Peroxisomal_Biogenesis_Disorder_134,metabolic,indu,654,5,yes,autosomal_recessive_inheritance,706,Head_or_neck,PEX6,TACTGCCTATCGAGGCACGACGCAGATCAATCCGAGGCGCAGCTAACCCCCTCAGAGCAAGTTCGCGGCACCCGACCCCCCTCCCCTTTTCCTCTGGCCTCCCCTGAC
Phenylketonuria_135,metabolic,indu,88,1,yes,autosomal_recessive_inheritance,448,Nervous_system,PAH,CTCTAGCTGTAGTTTTCTGAAGTCAGCGCACAGCAAGGCAGTGTGCTTAGAGGTTAACAGAAGGGAAAACAACAACAACAAAAATCTAAATGAGAATCCTGACTGTTT
Lchad_Deficiency_222,metabolic,indu,29,4,yes,autosomal_recessive_inheritance,79,Skeletal_system,HADHA,GGAAAACCAGGCACTCCACCCCCTCCTCTCCGGGCCCCCGTCCTCCCCCGGAGAATACGACCTTTCGGCCATGTTAGCCAGGAGCGAGGGGCAGGGCTAAGGGGCCGG
Organic_Acidemias_225,metabolic,indu,6057,1,no,autosomal_recessive_inheritance,6120,Nervous_system,BTD,GCAAACGCGAAATCGGCAGCACGCCACCTCTGGTACTGCACCTCTGACGGACAGGAGGGCAACCAACTGCCTTAAACAACGGGAAGGAAGAGGCGGTCTAAATTCGTC
Tyrosinemia_227,metabolic,indu,58,1,no,autosomal_recessive_inheritance,112,Metabolism/homeostasis,HPD,CCTGGAACCTTCCAGGGCTGGGCTCAGCTCCCCACCCCATCCCCCAGGTAGGCCAGGAGGCCTGGGCGGGACCTGCTTGGGGTTAAATACTCCGGCCCAGCACTCCCC
Methylmalonic_Acidemia_163,metaboilc,indu,419,5,yes,autosomal_recessive_inheritance,499,Nervous_system,MMUT,CCCTTCTGAGAGCCGCGCTTAGAGTAATTCGCGCCCAAACATTCGTAAACAGAGGAGACCCGGAAGTGGGTGGGAAGAAAGCGGAAACGGGCATCTAACCCTACCCCT
Urea_Cycle_Disorder_165,metaboilc,indu,367,1,no,autosomal_recessive_inheritance,633,Nervous_system,SLC25A13,GGTCACGTGTCCCTGTCCAGCCACTGCCCCAGGATCTGAGCCCTCCCCGGCTGCAGGGCAGAGGCCGCTGGATCACGCGCACCCCGGCGGCCAAGGCTGGGCCCAGCC
Adrenoleukodystrophy_218,metaboilc,indu,112,1,yes,X_linked_recessive,167,Nervous_system,ABCD1,CCGGACTCCGCCCCTCGCCCCTCCTCCGCCTCCTCCCCTTCCCCCGACTCGCCCCTGGGGAAGAGTGGGTGGGGATTCTGGGCCGGTGGAGGAGTCACTGTCGCTTCA
no_phenotypes,repro,vasu,,,,,,,PAX8,TCCCGCACCCCCCTGCACCCAGCCAGCCAATCCGCGGCCTACGAGCCTCGCCAGACCCATCTCCCAGGGCCTCAGCGGGATAAAACCGGTCGGTGATGCCGGGTGGAT
Gm1_Gangliosidosis,lyosomal,rudra,17,2,yes,autosomal_recessive_inheritance,58,Skeletal_system,GLB1,CGCGGTCCCGCAGGGCGGGGAGCCTGAGCCCCGAAGTGCCCCCCAGCAGGCTCGCGGCCGGCGGAACGCAGGCAGTGGACCGGCCTTCCCGTCGGGGGCGGGCCGGGC
Hurler_Syndrome,lyosomal,rudra,90,2,yes,autosomal_recessive_inheritance,85,Skeletal_system,IDUA,GGGGCTCCAAGCCCTGCCGTGCTCCCGGCTCCCCGAGGCTCCCCGAGGCCACCCAACCCCTCCCACCCGGCCATCGCCCCCTCACCAAGGCCCCGCCCCGCGGCGGCG
Mucopolysaccharidosis_Type_2,lyosomal,rudra,263,1,yes,X-linked_recessive_inheritance,95,Head_or_neck,IDS,CAACTAAGGGGTAGGGATTGGGAGAGATGCACAGGCAAGCATTATCTCTGTATGCCTTGGCAATTTAAATTGCAGTCACTCTCATTTTTATTTTTTTTCAATTTGCAG
Mucopolysaccharidosis_Type_4A,lyosomal,rudra,36,2,yes,autosomal_recessive_inheritance,71,Skeletal_system,GALNS,CGCACACAGCTGGCTCAGGCCCCGCCCCACTGGTCACGAGGCAGTCCAGGCCCCGCCTCCCGTCCCTCCGCGGACTCTGGCCCCGCCCCGCGAGTCACGTGGCCGTCC
gaucher,lyosomal,rudra,59,3,yes,autosomal_recessive_inheritance,16,Head_or_neck,CHIT1,TGTCCCCTTCACCCTGTTCTCCCGGGTCAAAGGCCAACGCTGGACCATTTCTATATCCTGGGCCTGCTCAGGGAGGGCTCTGGGCTAAAGGAATCGCGATGCTGGGCA
Batten_Disease,lyosomal,rudra,27,1,yes,autosomal_recessive_inheritance,89,Nervous_system,CLN3,TCCAGCCCCTCCCTTTTTCACGCTCCGAAGCCGAGAAGGCCCAAAGCGAAGACAGAGAGGACCCGGAAGTAGGGAAAACCTCTGAGCACGTGATGGGGGAACACGCGG
Hunter_Syndrome,lyosomal,rudra,263,1,yes,X-linked_recessive_inheritance,95,Head_or_neck,IDS,CAACTAAGGGGTAGGGATTGGGAGAGATGCACAGGCAAGCATTATCTCTGTATGCCTTGGCAATTTAAATTGCAGTCACTCTCATTTTTATTTTTTTTCAATTTGCAG
Multiple_Sulfatase_Deficiency,lyosomal,rudra,49,2,yes,autosomal_recessive_inheritance,42,Nervous_system,SUMF1,ACAGGCAAGCAGCAGCGCCAAAGAAGTACCTGAAGAAAGGTGAAGAGCAACTCTCCTGGTCACTTCGTAAGTCAGCTCAAAATTCTGCCCCTTTAAGGAGGGCTCAGC
Niemann-Pick_Type_C,lyosomal,rudra,135,6,yes,autosomal_recessive_inheritance,271,Nervous_system,NPC1,CTGGGGCAGGAGAATCACTTGAACCTGGGAGAAATCCTTGTAAGGAAGTGTTTTTGTTCAATTACAGGTTGGTAAAAGTGGTTTCTAACACAGTATCTCTTCTTTTAG
Pompe,lyosomal,rudra,108,5,yes,autosomal_recessive_inheritance,311,Nervous_system,GAA,GGGGGGCGTAGCGCGGACGCGCACCCTTGCCTCGGGCGCCTGCGCGGGAGGCCGCGTCACGTGACCCACCGCGGCCCCGCCCCGCGACGAGCTCCCGCCGGTCACGTG
Sanfilippo_Syndrome,lyosomal,rudra,214,4,yes,autosomal_recessive_inheritance,264,Nervous_system,HGSNAT,CCCGCCCGCGGCTCCCGGGCGCCTCCGCCTCCCGCGGTGACTCAGGCGGCGGTGACGGCAGCGGAGGGGGCGATGACGGGCGCGCGGGCGTCCGCGGCGGAGCAGCGC
Ddost-Cdg,lyosomal,rudra,26,1,yes,autosomal_recessive_inheritance,3,Nervous_system,DDOST,GCGCTCGGCCTCGTTGATTGGCCGCGGCTGCAGAGCTGTCTCTCTAGGATTGAGCCTTTTCTTTAGGGGGACGGGGCCTTGATTCACTCCCACCAATAGGGTTCAAGG
Fabry,lyosomal,rudra,78,2,yes,X-linked_recessive_inheritance,233,Cardiovascular_system,GLA,AATAGGGCGGGTCAATATCAAGAAAGGAAGAGGGTGATTGGTTAGCGGAACGTCTTACGTGACTGATTATTGGTCTACCTCTGGGGATAACCGTCCCAGTTGCCAGAG
Late_Onset_Tay-Sachs,lyosomal,rudra,31,3,yes,autosomal_recessive_inheritance,168,Nervous_system,HEXA,CTTCTCGAGTCGGGTGAGCTGTCTAGTTCCATCACGGCCGGCACGGCCGCAGGGGTGGCCGGTTATTTACTGCTCTACTGGGCCCGTGAACAGTCTGGCGAGCCGAGC
Mucolipidosis,lyosomal,rudra,22,1,yes,autosomal_recessive_inheritance,44,Skeletal_system,GNPTG,CTCCTGCGGCCCATGGCGCGGACCTGGGGTGCCGGGGACTCCCCACCCCACGGCCGCGCCCCTCGGCCTCCCAATGGGCTGTGCGGCTGCCAGCGCTTGCGCCGGACG
Mucopolysaccharidosis_Type_1,lyosomal,rudra,214,2,yes,xlinked,197,Skeletal_system,IDUA,GGGGCTCCAAGCCCTGCCGTGCTCCCGGCTCCCCGAGGCTCCCCGAGGCCACCCAACCCCTCCCACCCGGCCATCGCCCCCTCACCAAGGCCCCGCCCCGCGGCGGCG
Polycythemia_Vera,CNS_expansion,veda,39,5,yes,autosomal_dominant_inheritance,4,Blood_and_blood-forming_tissues,JAK2,TGCGTGGCCCGCGCCTGCCGGTCCCGCGACCAGCACCGAGCGGCGCACGCGCACTGCAGGACGCGCGTCCGGCTCTCCCCCAGCCTCTATCCGGCCCGGTCTCCTGCC
Mesenchymal_Chondrosarcoma,cns_expansion,veda,1,1,no,sporadic,2,Skeletal_system,NCOA2,TTTATTTGGCTGTGGTGCCTTATGGCAGTTAGGTCAGTGATTGCAAATGGGCTTGTGGTGTCTACTCTTAGAGTAGACTGGATAAACTCTTCTGTTTGTCAACTACAG
Cutaneous_T-Cell_Lymphoma,cns_expansion,veda,78,1,no,sporadic,8,Integument,TNFRSF8,CAGCTAAGGGAGGCGTCTCCTAGTGTGCCTTTTCCTGAGTCATCTCTGCACGTGTTTGCCCCCTTTTTTCTTCGCTGCTTGTAGCTAAGTGTTCCTGGAACCAATTTG
Synovial_Sarcoma,cns_expansion,veda,1,3,yes,sporadic,1,Nervous_system,SSX2,TCTATCAGTCCCGGCTCCAGGGACGGAACCTTCTCAAAGTGGGGGTGGAGACTCTAATTTTCCCGCCTAAAGCATCCCCTGGGATTGGCTACTTTAAGTTCAGAGTAC
Thymoma,cns_expansion,veda,33,1,yes,sporadic,10,Immune_system,KIT,GAAGAAGCGAGACCCGGGCGGGCGCGAGGGAGGGGAGGCGAGGAGGGGCGTGGCCGGCGCGCAGAGGGAGGGCGCTGGGAGGAGGGGCTGCTGCTCGCCGCTCGCGGC
Cns_Lymphoma,cns_expansion,veda,0,1,no,somatic_mutation,7,nervous_system,MYD88,TTCCTACAACCCCCGAAGGAGGGTCGTCCTCACTCCGCCGCCAACCTACTAGCACCATCACCAGACCCTCGAGGGCGGTGCCGTGGACCTCTCCAGATCTCAAAAGGC
Multiple_Myeloma,cns_expansion,veda,29,12,yes,sporadic,366,Blood_and_blood-forming_tissues,LIG4,CCTGAGGGGCGTCAGGTGGGGGGGTCTGGGAGGCGTCAGGCGGGGGTCGGTCTATGGGGGCAGCAAGCAGGGTGTTTGTGCAGCGGCAGGTGATGGGAGTTGCCGAGT
Pheochromocytoma,cns_expansion,veda,16,8,yes,autosomal_dominant_inheritance,210,Cardiovascular_system,TMEM127,GGGACCGCCTCGAACTACCAGTCCCGTGAGGCCCTGCGCAGAGCCGGCGGCGCGCCCAGGCTGTGACGCGCGCGGGGGACGGGGCGGGGAGCCGGAGGAGGCGGAGGC
Desmoid_Tumor,CNS_neoplasms,veda,22,2,yes,autosomal_dominant_inheritance,14,Digestive_system,APC,GAAGCAGTGCCCGGCAAGCGGAGCGCAGCACCCATTGCGCCTGCGCATAACAGGCTCTAGTCTCCGGGCTGTGGGAAGCCAGCAACACCTCTCACGCATGCGCATTGT
Paraganglioma,CNS_neoplasms,veda,138,3,yes,sporadic,318,Nervous_system,SDHB,TCAGACTCCTCCCCTTTCTGAGAAGGTCACGGGGGAAGCCAAATGGGCATGCGCCGCTACTGCGCTATTGCGCACGCTCGCTGTGCTTGCCCCGCCTTCCCTCCGCCC
Pemphigus_Vulgaris,skin,aditya,12,1,no,autosomal_dominant_inheritance,11,Immune_system,DSG3,CTAAGTTTTTACCTGGGAGCAAAGGTGATGCAAGCGTTTCTGGTGAGACCTACCCTTGGTTTAGGGTGGGGAGGGACCGCATAACAGACCATCTGTAGACTCCTTCGG
Pityriasis_Rubra_Pilaris,skin,aditya,20,1,yes,autosomal_dominant_inheritance,3,Immune_system,CARD14,TTCTTACGGCAATGTCTAGCTGTGGGACTGCACTGGTGCTTCGATGGCTCATAGAAGCCCCATATAAGGCACTGCTCCTGTGGGATGTGCCTGTCAAACCTGCTTGTC
Psoriatic_Arthritis,skin,aditya,29,2,yes,sporadic,57,Skeletal_system,LTA,ACCTCCTCTCTGAATTGACTGTCCCTTCTTTGGAACTCTAGGCCTGACCCCACTCCCTGGCCCTCCCAGCCCACGATTCCCCTGACCCGACTCCCTTTCCCAGAACTC
Common_Variable_Immune_Deficiency,immuno,dishi,214,14,yes,autosomal_dominant_inheritance,151,Immune_system,TNFRSF13B,GCACAGGCATGGGGGCGGGAGTGGGTGTGGCTGATTTACATCCAACAGGTTGAGGGGAAAACCCAGGAAGTGCAGCCCAAGCACTAATCAAATCTAAGACTAGTAATA
Pulmonary_Sarcoidosis,immuno,dishi,56,1,no,sporadic,11,Skeletal_system,TNF,CTCATGGGTTTCTCCACCAAGGAAGTTTTCCGCTGGTTGAATGATTCTTTCCCCGCCCTCCTCTCGCCCCAGGGACATATAAAGGCAGTTGTTGGCACACCCAGCCAG
Sarcoidosis,immuno,dishi,131,2,yes,sporadic,56,Skeletal_system,HLA-DRB1,ATACAGCATCTCTGACCAGCAACTGATGATGCTATTGAACTCAGATGCTGATTGGTTCTCCAACACGAGATTACCCAACCCAGGAGCAAGGAAATCAGTAACTTCCTC
Severe_Combined_Immunodeficiency_Disorder,immuno,dishi,539,7,yes,X_linked_recessive,420,Immune_system,ADA,GGTCCAGAATTCCAGGAAATGCGCGATCCAGGCCGGCGGGCGGGGCGGGGGCTCCGGCGAGAGGGCGGGCCCCGGGAACGGCGGCGGGCGGGGCGGGAGGCGGGGCCC
Hereditary_Angioedema,immuno,dishi,69,4,yes,autosomal_dominant_inheritance,68,Metabolism/homeostasis,SERPING1,GAACTGCACCCAAGCTTCCCCGTTCACCCCACCTACCAGGGGATTTGGGCTAAATTCCTGGCCTGGCCCACAAAGAAGACCAAGCGGTCAGTCCCATTCCGTCCCATC
Ryr1_Gene_Mutation,immuno,dishi,104,1,yes,autosomal_dominant_inheritance,145,Musculature,RYR1,CAGGGCTCCGGCGAAGGGGAGTGGCCGGGGAGTCCTGGTCCAATGGGGCCCGGGGGCGGGGACTTCCTCCCATCTCTGTCCAGCATGCGTGTACTCCTCGCAGTTCCA
Systemic_Juvenile_Idiopathic_Arthritis,msk,bana,108,4,yes,sporadic,118,Skeletal_system,LACC1,GCCCGGCCTCACGCGACCCACCATTCCCGCCGCCCCCTCACGGTGCCCGCCGTTCCCGCCGCCCGGCTTTCTAACCGGGCCCCTAGTTCCCCGCCCCGTGCCCTCTGG
Thrombotic_Thrombocytopenia_Purpura,msk,bana,33,1,yes,autosomal_recessive_inheritance,38,Metabolism/homeostasis,ADAMTS13,GGCTCCATCACAGGGTTGAAGTAATCACCAGGCACTGAGCCAAGAGTGCCAACCTCACAATCTCCTTATGATGCCACCATGACTACCACAAGGCACAGAGGACGTCAG
Polyostotic_Fibrous_Dysplasia,MSK,bana,59,1,no,sporadic,12,Skeletal_system,GNAS,CTCGGCGCCACCACGCAGCTCGCGGGGAGGTGGCCCCCACCTCCTTACTGCACATGCCCGGCAGAAGTCCGGGCGCGCAACTTCGCAGAACCTCACTGCCCGTCCCTC
Anca_Vasculitis,msk,bana,174,1,no,autosomal_dominant_inheritance,42,Immune_system,PRTN3,GTCCGTTCTGACTCCCAGGCTCCCAAGGCAAAAGGAGGAAGTGGGGACCCAGCCTGGGCATTGGGCAACTCAACGGCCTCTGGCATTGGGCTATAAGAGGAGCTTGAC
Ankylosing_Spondylitis,msk,bana,0,1,no,autosomal_dominant_inheritance,371,immune_system,HLA-B,CCAACTTGTGTCGGGTCCTTCTTCCAGGATACTCGTGACGCGTCCCCACTTCCCACTCCCATTGGGTATTGGATATCTAGAGAAGCCAATCAGCGTCGCCGCGGTCCC
Sjogren's,msk,bana,78,6,no,autosomal_recessive_inheritance,57,Immune_system,TRIM21,TCTCAGCCGCATTTCTCCACACACCCTTTCAAGGCTCTGCTCCTCCCACTGCTCCTCCCTCACTCCTCCCACGGCTCCTCCTCCTCCCTCCCCTTTCCTCTCAGACTT
Hypochondroplasia,msk_connective,bana,28,1,yes,autosomal_dominant_inheritance,26,Skeletal_system,FGFR3,CGGGCGGGGACCGGGCGGGAGCGGGGCGGGGCCGGGGCGGGGCGCGGACCGTCCCCCACTGGCTGCGGCGCGCGGGGCAGCCCAGGCTCAGTGCGCGGTGGCGGCGGC
Short_Rib_Polydactyly_Syndrome_Type_2,msk_connective,bana,40,1,yes,autosomal_recessive_inheritance,34,Skeletal_system,IFT80,CTTTCGAACGAGCCCAGCAATAGTTCCCATTGGCCGATGCCTTGCAGTTGAATGTTGCCTGCAGACTGCGCCTGCGCTGCGAGGCTCCGCGAGGCCCCGCCCGGTCTG
Myositis,msk_connective,bana,211,1,no,autosomal_dominant_inheritance,187,Musculature,NARS1,AAGGAAGGGTGCAAAAGTGACACTGTGCCAGGGTCTCCAGGGCCGCGGAGCTCCGGGACAGGCAGCGCCTTCCGAGCTGCACAAACGCGTGGGGCGGGGCGTCTCTGG
Systemic_Scleroderma,msk_connective,bana,112,1,no,sporadic,149,Integument,TSIX,TAGCTTTGCTGTATTCCAATAAAACTTTATTAATGGACATTGAAATTTGAATTTAATATATTTTTTGTTTGTCATGAAATATTCTATAATTTTTTTCTTCCAACCATT
Vasculitis,msk_connective,bana,783,1,no,sporadic,242,Immune_system,PRTN3,GTCCGTTCTGACTCCCAGGCTCCCAAGGCAAAAGGAGGAAGTGGGGACCCAGCCTGGGCATTGGGCAACTCAACGGCCTCTGGCATTGGGCTATAAGAGGAGCTTGAC
Ehlers_Danlos_Syndrome,MSK/Connective_tissue,bana,90,8,yes,autosomal_recessive_inheritance,25,Skeletal_system,COL3A1,CTTTTACTGCTGAGGGGATGGGTGCGGCTCTCATATTTCAGAAAGGGGCTGGAAAGTGAGGGAAGCCAAACTTTTTCCTATTTAAGGCCAAAGCAAAGGAATCTCAGT
Hypermobile_Ehlers-Danlos_Syndrome,MSK/Connective_tissue,bana,60,9,yes,autosomal_dominant_inheritance,1,Skeletal_system,COL1A1,GCCAGGCAGCTCTGATTGGCTGGGGCACGGGCGGCCGGCTCCCCCTCTCCGAGGGGCAGGGTTCCTCCCTGCTCTCCATCAGGACAGTATAAAAGGGGCCCGGGCCAG
Klippel_Feil_Syndrome,MSK/Connective_tissue,bana,5,1,no,autosomal_dominant_inheritance,1,Skeletal_system,MYO18B,CCTGGAGCTCACAAGCTAATTTTAGAAATGACTGGTCGACTCAGCTGCTGCTATCACATTGGCCCAGAAGGAGGGTGGGGGGAGGACGGGTCGGGGAGGGGCAGTAAG
Mccune-Albright_Syndrome,MSK/Connective_tissue,bana,59,2,yes,Somatic_mosaicism,12,Skeletal_system,GNAS,CTCGGCGCCACCACGCAGCTCGCGGGGAGGTGGCCCCCACCTCCTTACTGCACATGCCCGGCAGAAGTCCGGGCGCGCAACTTCGCAGAACCTCACTGCCCGTCCCTC
Osteogenesis_Imperfecta,MSK/Connective_tissue,bana,12,10,yes,autosomal_recessive_inheritance,2,Skeletal_system,COL1A2,CCTACAAGTGGCCTACAGGGCACAGGTGAGGCGGGACTGGACAGCTCCTGCTTTGATCGCCGGAGATCTGCAAATTCTGCCCATGTCGGGGCTGCAGAGCACTCCGAC
Bechet_Disease,MSK/Connective_tissue,bana,80,18,yes,autosomal_recessive_inheritance,35,Immune_system,MEFV,CCTTAGTCTCAGTTCCCACCAAGACACAGAGCATTTCCTGTGCCTTTTCCGCTATTTCACAACCTGCCTTTTCTTGCTCACCAAGGACAGAGGCTTCTTTTCCTACCA
Chronic_Recurrent_Multifocal_Osteomyelitis,MSK/Connective_tissue,bana,27,1,no,autosomal_recessive_inheritance,2,Skeletal_system,LPIN2,CAAAGTCGGTTTTGAAATACATTTTGAAATATTTACGAATTATTTAGTGGCCCATACTGGTTTATGTTTTAACGGTCTGGTGTTGATCGTTCTTAGTGGCTTCAGATT
Fibrodysplasia_Ossificans_Progressiva,MSK/Connective_tissue,bana,33,2,yes,autosomal_dominant_inheritance,19,Skeletal_system,ACVR1,ACCAATAAGCAACTTGTCACTATGGGTTGTTTTTTTTTCCCCCACCTCTTGATAGCAAGGGTCTATCGGAAGTTTAAAGCAATGCAGCGGGAAGTACCTTGCCTTTTT
Granulomatosis_With_Polyangiitis,MSK/Connective_tissue,bana,137,5,yes,sporadic,42,Immune_system,PRTN3,GTCCGTTCTGACTCCCAGGCTCCCAAGGCAAAAGGAGGAAGTGGGGACCCAGCCTGGGCATTGGGCAACTCAACGGCCTCTGGCATTGGGCTATAAGAGGAGCTTGAC
Juvenile_Dermatomyositis,MSK/Connective_tissue,bana,46,1,no,autosomal_dominant_inheritance,5,Cardiovascular_system,CCR6,CCCCAAGGCTCGGTGTCCAGCGTCAACCCCGAGGTCTCTATGCCCCGCCTCCCGACGCCAGGGGGCAGGGCCAGCGCGCTGCGCGTCGGGGCGGGGCTTTGGCTGCGT
Progressive_Familial_Intrahepatic_Cholestasis,MSK/Connective_tissue,bana,11,4,yes,autosomal_recessive_inheritance,10,Digestive_system,ATP8B1,CCACTAGCGAGCCGCGAGAGCCGGAGGTGCCGCCGCCAACTAGACACGCTTCCCCGGGCCCCCGGCCAGCCCCCGTGCGCCATGCAGCGCTAGCGCGGCGGCCAGGGC
Takayasu_Arteritis,MSK/Connective_tissue,bana,39,3,yes,autosomal_recessive_inheritance,61,Cardiovascular_system,HLA-B,CCAACTTGTGTCGGGTCCTTCTTCCAGGATACTCGTGACGCGTCCCCACTTCCCACTCCCATTGGGTATTGGATATCTAGAGAAGCCAATCAGCGTCGCCGCGGTCCC
Idiopathic_Pulmonary_Fibrosis,MSK/Connective_tissue,bana,87,1,no,autosomal_dominant_inheritance,145,Respiratory_system,PARN,CCTTGGGGACTTCGATAGCCACGCCCCTCCCCTGTCCCTATAAGGAGGGAAAGGAGCCCAGCCTTGGCCCCGCCCCCGCCGCCGCGCAGGCGCTGACGCAAGCGCAGC
Focal_Segmental_Glomerulosclerosis_(FSGS),MSK/Connective_tissue,bana,84,10,yes,sporadic,64,Genitourinary_system,NPHS1,AAAAGAAAAAAAAAAGAAAAAAGAAAAAAAAGTTTTTTTAAAGAGACAGAGAAAGAGACTCAGAGATTGAGACTGAGAGCAAGACAGAGAGAGATACTCACAGGGAAG
15Q11.2_Microdeletion,chromosomal_disorder_and_congenital_malformations,bhrama,19,3,yes,autosomal_dominant_inheritance,3,Nervous_system,NIPA1,GCCCCCGCCCCTCTTCCTGCTCCTCCCCCACCCGTCCCCCTCCCCTCCCCCGCCCGCGCCTCCCGGTCACCCCCCATCCCGCCCCGCGGGGCGCGGCGCGCAGGCGCA
22Q11_Chromosome_Duplication_Syndrome,chromosomal_disorder_and_congenital_malformations,bhrama,47,1,yes,autosomal_dominant_inheritance,17,Head_or_neck,TBX1,CGAGCCCTGAGGAATCAGACCCTGCGACCCCTAGCCGCGCCTCACCTTCCTGATCCACGCAAGGGAGCTCCCAGTCAGGCCTCCTATCGCGCGGGTGTGGAGGTGCGG
22Q13_PhelanMcdermid_Syndrome,chromosomal_disorder_and_congenital_malformations,bhrama,91,1,yes,autosomal_dominant_inheritance,41,Nervous_system,SHANK3,CGACGGGGCTCCGGCGGGGGGGAAGGGGGGGCCGGGGCGCCGCGCGCGGAGTCCCCGGGCGCTCCGTTCCCCGGCGCGAGCGGCCCCGGCCCGGGCCCCGGCGCGGGG
2Q37_Deletion_Syndrome,chromosomal_disorder_and_congenital_malformations,bhrama,71,1,yes,somatic_mutation,5,Skeletal_system,HDAC4,ACCCCCCCCCCGCCCCGTGAAGGTGGCCAGTGTGTTGGGTGGGGGCTCTGGGGCCCAGGGACAGCAAAGGGCGGCAGTGACCGGCTCTCCTGCTTGTTTTTCCCACAG
7Q11.23_Duplication_Syndrome,chromosomal_disorder_and_congenital_malformations,bhrama,102,1,yes,autosomal_dominant_inheritance,2,Head_or_neck,GTF2I,TACAACTCCCGCTGGGCGGCGCTGCGGATGCGCAGGCGCAACGCGCCTTCGAGGAACAAAAAAAAAAAAAAAAAAAAAAAAAAAAGAAAAAAGAAAAAAAAAAGGAGG
Angelman_Syndrome,chromosomal_disorder_and_congenital_malformations,bhrama,184,6,yes,autosomal_dominant_inheritance,184,Nervous_system,UBE3A,CTTAATATGCATTTTAAAGTATGCCTTTTATGTGGTGAACGTTTTAACTAAACATTTCTCTAGAAGTTTTTATAACATTAATAAAACTAGTATACTTTTCTCTCCTAG
Fragile_X_Syndrome,chromosomal_disorder_and_congenital_malformations,bhrama,37,1,yes,X-linked_dominant_inheritance,40,Nervous_system,FMR1,CCGCGGGGGGAGGGAACAGCGTTGATCACGTGACGTGGTTTCAGTGTTTACACCCGCAGCGGGCCGGGGGTTCGGCCTCAGTCAGGCGCTCAGCTCCGTTTCGGTTTC
Jacobsen_Syndrome,chromosomal_disorder_and_congenital_malformations,bhrama,103,2,yes,sporadic,5,Skeletal_system,FLI1,CTGGCCTGAAGCCCGGGGACGGGACTGAGGCGTAGGGAGAGTGCTCAACACCCAACCACTCGGACCCTCCCTCGCCGGACTAGGCGGATCTGAGCTTCCCAAACCCCT
Phelan-Mcdermid_Syndrome,chromosomal_disorder_and_congenital_malformations,bhrama,91,1,yes,autosomal_dominant_inheritance,41,Nervous_system,SHANK3,CGACGGGGCTCCGGCGGGGGGGAAGGGGGGGCCGGGGCGCCGCGCGCGGAGTCCCCGGGCGCTCCGTTCCCCGGCGCGAGCGGCCCCGGCCCGGGCCCCGGCGCGGGG
Williams_Syndrome,chromosomal_disorder_and_congenital_malformations,bhrama,234,21,yes,autosomal_dominant_inheritance,11,Skeletal_system,ELN,GCCCGGGCCTGGGAGGCTTGTGAGCCGGGCCTTTCGTAATTGTCCCCTCCCCGCGGCCCCCTCCCCCAGGCCTCCCCCCTCTCCCGCCCTCCCGCCCGCCCTCTCTCC
Adnp_Syndrome,chromosomal_disorder_and_congenital_malformations,bhrama,106,1,yes,autosomal_dominant_inheritance,36,Head_or_neck,ADNP,CCCACACCCTCCGTCTCCTCCCTCCGCCCCTCCTTTGTCTGCACCGCTCGACGACGCCGCCGCCGCCCGCCGCTCTGCTGCGCCCGCCGCGCCCCCCGGCAGCACCCG
Autosomal_Recessive_Alport_Syndrome,chromosomal_disorder_and_congenital_malformations,bhrama,13,3,yes,autosomal_recessive_inheritance,216,Genitourinary_system,COL4A4,TTGAAGTTACCCTTTAGAAAATATTTCCATAACGATAAAAAATGAAAGTAATTATTTTCAACATTATAATGCATGCTGTGTTTTAAGTGATATATTTATATCTAACAG
Blue_Rubber_Bleb_Nevus_Syndrome,chromosomal_disorder_and_congenital_malformations,bhrama,25,2,yes,autosomal_dominant_inheritance,1,Cardiovascular_system,GLMN,CCGGCCTTGCGGCCGGCAGAAGACGGCCCAGCGAAGTCCGCCATGGGGGAGAGTAGTCTGCCGGACGGGGACACGCTCCGGCGTCTCGCCCCGAGGCCCCGCCTCCCT
Choanal_Atresia,chromosomal_disorder_and_congenital_malformations,bhrama,16,1,no,autosomal_recessive_inheritance,2,Respiratory_system,CHD7,CGCGGGCGCGGCGCGGCCCGGAGGGAGCTGGCGGCGGGCGCGCGCGGCCCCGCGGCTTCGGGTGCGCGCGGCGTGCCGGACGCGCGCAGGCGCTGGCGTGCTGGGGCC
Cloves_Syndrome,chromosomal_disorder_and_congenital_malformations,bhrama,16,2,yes,sporadic,7,Skeletal_system,PIK3CA,GGGACTGGGGCTGGGGCCGCCGGCGAGGCAGGGCTCGGGCCCGGCCGGGCAGCTCCGGAGCGGCGGGGGAGAGGGGCCGGGAGGCGGGGGCCGTGCCGCCCGCTCTCC
Constitutional_Mismatch_Repair_Deficiency_(Cmmrd),chromosomal_disorder_and_congenital_malformations,bhrama,15,4,yes,autosomal_recessive_inheritance,51,Nervous_system,MLH1,ATTCCCCGAGCTCCTAAAAACGAACCAATAGGAAGAGCGGACAGCGATCTCTAACGCGCAAGCGCATATCCTTCTAGGTAGCGGGCAGTAGCCGCTTCAGGGAGGGAC
Dandy_Walker_Syndrome,chromosomal_disorder_and_congenital_malformations,bhrama,19,3,yes,sporadic,22,Nervous_system,KMT2D,CCAGGATTCTGGGAAAAATGCTTCTTGGGAAGACTTAGTAGGCATATAGATCTCTTTCTTGGCACCAACAGGTCTCCCCGAGAGGGCCCTGCCCAGTCGGAGAGAGGG
Floating_Harbor_Syndrome,chromosomal_disorder_and_congenital_malformations,bhrama,69,1,yes,autosomal_dominant_inheritance,7,Skeletal_system,SRCAP,CGAACGCCCCACAGTTCCCCCTCCCATGACGGCTGACTGCGCGCGCATCTTTCCGCCACCGCCTCCCCCCCACCTTCCCGGGGTGCTGCGCGCGCACCCTCAGCCGGG
Hereditary_Lymphedema,chromosomal_disorder_and_congenital_malformations,bhrama,1481,2,yes,autosomal_dominant_inheritance,915,Head_or_neck,FLT4,TGCACCGGACGCCCCGCGGCGGGCTGGGAGGGACGGGGGGAGGGGGGCGCGGGGAGCGGCCTGAATCCCGGGCCCGCCTCCGGCCCCCGCCCCGCCCCGCCCCGCCCC
Hypoplastic_Left_Heart_Syndrome,chromosomal_disorder_and_congenital_malformations,bhrama,3,4,yes,autosomal_dominant_inheritance,1,Cardiovascular_system,TBX20,CCCCGGCGGCGGAATCAGGAAGCGGTGACGTGAGACGGCGCTGACTGGCTGCGGGCCTCCGGGATCGCCGCCGCCAGCAAATTAAGGCGCAGGGCAGCGAGCGCCAGG
Isolated_Congenital_Asplenia,chromosomal_disorder_and_congenital_malformations,bhrama,3,2,yes,autosomal_dominant_inheritance,7,Blood_and_blood-forming_tissues,RPSA,AAGAAAAAGCCCAGTCCCGGCAGCGTTCTTCTCCGGCTCCGCCCTTCTTCCGCTCGACTTTCTTTGCCATTGGCTGACAACGGAGTACATAAGGACGTCATTTCCTGC
Li_Fraumeni_Syndrome,chromosomal_disorder_and_congenital_malformations,bhrama,5,5,yes,autosomal_dominant_inheritance,16,Nervous_system,TP53,CTCAGACACTGGCATGGTGTTGGGGGAGGGGGTTCCTTCTCTGCAGGCCCAGGTGACCCAGGGTTGGAAGTGTCTCATGCTGGATCCCCACTTTTCCTCTTGCAGCAG
Loeys-Dietz_Syndrome,chromosomal_disorder_and_congenital_malformations,bhrama,72,3,yes,autosomal_dominant_inheritance,20,Skeletal_system,TGFBR2,GGTGTGGGAGGGCGGTGAGGGGCAGCTGAAAGTCGGCCAAAGCTCTCGGAGGGGCTGGTCTAGGAAACATGATTGGCAGCTACGAGAGAGCTAGGGGCTGGACGTCGA
Marfan_Syndrome,chromosomal_disorder_and_congenital_malformations,bhrama,89,4,yes,autosomal_dominant_inheritance,1544,Skeletal_system,FBN1,CAGTAAAAGTAAATTACGGTTTTTGAACAGTTCCTGAAGTGGGTTTGAATTTTCAACCCCAGTAGAAAGATTCTGCCTGATGCTTTTGTGTTTGTATATGGTAAATAG
Noonan_Syndrome,chromosomal_disorder_and_congenital_malformations,bhrama,20,21,yes,autosomal_recessive_inheritance,14,Skeletal_system,PTPN11,AGCTAATGAGTGGAGCGGCGATTTGTGGAACGAAATGAATGAAATCGATGTGGCAGCGGGCCCGGACGGGTCGGTGGCGTAGACGCGGAGCGCGCAGCTCACACCTGG
Prader-Willi_Syndrome,chromosomal_disorder_and_congenital_malformations,bhrama,613,7,yes,autosomal_dominant_inheritance,38,Nervous_system,MAGEL2,GTGGTGGTCGGGGGCGGGGAAGGGGCGGGATTGAGCCCCCTTCCCCCCTCCTCCTTACTGCGGAAAGCTGCGGAGCGAGCAGCACTCACTTCCTATTCAGCATTCAGC
Primary_Ciliary_Dyskinesia,chromosomal_disorder_and_congenital_malformations,bhrama,13,54,yes,autosomal_recessive_inheritance,5,Respiratory_system,DNAAF5,CACGTGCGCACCGGCGGGGAGGAAGTAGCCCGGCGCCCCGCCCGCAGCGCGGACCGGAAGTGCTGCCGTAATCTGCGCTGAGAGTCGCGAAAGCGCTGTTCCCCTTAG
Snyder-Robinson_Syndrome,chromosomal_disorder_and_congenital_malformations,bhrama,80,1,yes,X-linked_recessive_inheritance,13,Head_or_neck,SMS,CTGCGCTGTTTAAACCTAAGGTGACCTAACGGATGGCGGGAGCGGCCGCGCGAGCCTTGGAGCAGGGCGCGGCCATTGGTGACGCACGCCGGGGAGCACGGCGCCCAC
Sturge-Weber_Syndrome,chromosomal_disorder_and_congenital_malformations,bhrama,41,1,yes,sporadic,1,Skeletal_system,GNAQ,ATTAGCCGGGCGTTGTGGCAGACGCCTGTAGTCCCAGCTACTCAGGAGGCTGAGGCAGGAGAATGGCATGAACCCGGGAGGCGGAGCTTGCAGTGAGCCGAGATTTGC
Von_Hippel_Lindau_Disease,chromosomal_disorder_and_congenital_malformations,bhrama,47,3,yes,autosomal_dominant_inheritance,252,Nervous_system,VHL,CAGCCCGGGCGACAGAGTGAGACCCTGTCTCAAAAAAAAAAAAAACACCAAACCTTAGAGGGGCGAAAAAAAATTTTATAGTGGAAATACAGTAACGAGTTGGCCTAG
X-Linked_Hypohidrotic_Ectodermal_Dysplasias,chromosomal_disorder_and_congenital_malformations,bhrama,49,2,yes,X-linked_recessive_inheritance,118,Integument,EDA,CCGGCTGGAACGGCACGGGGCGGGGCGCCAAGGCTTGGCGGCCCCGTGGTTGGGCGTCCCGGCAGCCGCTTGAGGGATGGGGCGGGGTCGGCCGGGACCTCCTCCTTC
22Q11.2_Deletion_Syndrome,chromosomal_disorder_and_congenital_malformations,bhrama,62,13,yes,autosomal_dominant_inheritance,5,Skeletal_system,TBX1,CGAGCCCTGAGGAATCAGACCCTGCGACCCCTAGCCGCGCCTCACCTTCCTGATCCACGCAAGGGAGCTCCCAGTCAGGCCTCCTATCGCGCGGGTGTGGAGGTGCGG
Vacterl_Syndrome,chromosomal_disorder_and_congenital_malformations,bhrama,82,1,yes,sporadic,10,Skeletal_system,FANCL,CAGAGCGCCACTTGGCCTGGCCTGCGCTTCACCTTCATTTCCGCCCGCGGAATCCTCCAGGATCTTCCCGCCAAGGCTGGGGTTTCCGCTCCGCGGCGTCCGAGCGCC
Epidermolysis_Bullosa,chromosomal_disorder_and_congenital_malformations,bhrama,285,1,yes,autosomal_dominant_inheritance,114,Integument,KRT5,AGAGCCTGCCAGGAAGAAAGCGTTTGCACCCCACACCACTGTGCAGGTGTGACCGGTGAGCTCACAGCTGCCCCCCAGGCATGCCCAGCCCACTTAATCATTCACAGC
Hypohidrotic_Ectodermal_Dysplasia,chromosomal_disorder_and_congenital_malformations,bhrama,196,3,yes,autosomal_dominant_inheritance,201,Integument,EDA,CCGGCTGGAACGGCACGGGGCGGGGCGCCAAGGCTTGGCGGCCCCGTGGTTGGGCGTCCCGGCAGCCGCTTGAGGGATGGGGCGGGGTCGGCCGGGACCTCCTCCTTC
Mayer-Rokitansky-Kuster-Hauser_Syndrome,chromosomal_disorder_and_congenital_malformations,bhrama,35,1,yes,autosomal_dominant_inheritance,3,Genitourinary_system,GREB1L,GGGCGGGAGGGGCAGCACCTGAGGAATCCGCCTCCGGCTGCGGCGGCCGCCGCCTCGCTCCGCCCCGGGGAACTGAGCGCGCGGACCGCGCGCCTGCCAGAGAGACGC
Tuberous_Sclerosis_Complex,chromosomal_disorder_and_congenital_malformations,bhrama,130,3,yes,autosomal_dominant_inheritance,681,Nervous_system,TSC1,CGGCGGGGCTGCCGAGCGCGGCCGTCTATCCTTCCTTTCGAGAAGGAGGGGAGGTCCGGAGGGGGACTCTTTTTCGTGGCGGAGGCCGCCGTCGGCCTTGGCCCTTTC
Ddx3X_Syndrome,chromosomal_disorder_and_congenital_malformations,bhrama,26,1,yes,X-linked_recessive_inheritance,53,Nervous_system,DDX3X,CCTAGGCAACCGCGCAGGAAGGTGTCCGGCCACCTGCGCGCGCCGCCGGCTCCCCTCCATTTCCCCCCGACTCCCGCCCCGGTCACCATCCTACCCTCCTCCCTCCTC
Turner_Syndrome,cogenital_and_chromosomal,bhrama,39,1,no,X-linked_recessive_inheritance,3,Skeletal_system,SHOX2,CTTCTCCCCCTCTTCCTCTTCTTCCTCCTCCTCCTCTTCTTACTTCTTTTTCTCCTTCTACTTCTCCTCCTCTTTCTTCTTTCTTCTCCTCTTTTTCTTCTTCTTTCT
Sticklers_Syndrome,cogenital_and_chromosomal,bhrama,168,4,yes,autosomal_dominant_inheritance,69,Skeletal_system,COL2A1,CCGCCCCACCCATGGGGCTGGGAAGAGGGACACTCTAGTACATTCTAGCAAATGGGGATGGACATGGAGGGGCACTTTCACACAATCCTGGCTGATCTCTCTGTTTCC
Mastocytosis,cogenital_and_chromosomal,bhrama,216,1,yes,autosomal_dominant_inheritance,9,Immune_system,KIT,GAAGAAGCGAGACCCGGGCGGGCGCGAGGGAGGGGAGGCGAGGAGGGGCGTGGCCGGCGCGCAGAGGGAGGGCGCTGGGAGGAGGGGCTGCTGCTCGCCGCTCGCGGC
Aarskog-Scott_Syndrome,cogenital_and_chromosomal,bhrama,73,1,yes,X-linked_recessive_inheritance,22,Skeletal_system,FGD1,GGTCAGGCGCAAATCCCGGGCGAGGGGGCGGGGCCCCGGTAACTGGGTCCCAGTGCCGCTGTGGCTGCGGCTGCCTCTGCGAGGCTCCCGCCTCCCCACCCCCCTTCC
Alport_Syndrome,cogenital_and_chromosomal,bhrama,85,3,yes,autosomal_dominant_inheritance,1162,Genitourinary_system,COL4A5,CGCAGGTTGCCGGTGCAGTCTAAAACTGTGGCGGAGTGATACTCAAATTCCCTTGTGCTGGTGAGGAGGGGGGCCTTGCACGGGGAAGAGAGGGAGGAAAGTAGATCT
Aplasia_Cutis_Congenita,cogenital_and_chromosomal,bhrama,22,4,yes,autosomal_dominant_inheritance,1,Skeletal_system,BMS1,CAAGCGATAGTCCATCCGTCCTTGGCACGGTGACTGCCGGGAGGCCAGGACCAAATGTGTCTCCTTCCGGCTTTTGCACCACACTAACTAACCGGCGCCAGGCCGCAG
Heterotaxy_Syndrome,cogenital_and_chromosomal,bhrama,134,18,yes,autosomal_dominant_inheritance,65,Cardiovascular_system,CFAP53,GAAGTCCCGAGTGCAGGCGTCTGCGGCCCCCATGGTGACCAGACCGACTTCCGCCCGACCCGCCCACCTCTACCGGCCCCTAATCCCGCGAGGCGCACCATGGCAACC
Peters_Anomaly,cogenital_and_chromosomal,bhrama,19,7,yes,autosomal_dominant_inheritance,58,Skeletal_system,B3GLCT,CCAGCCCGGCAGACGCTGGAAGCGCGCACAGGGGTGCTCCCGCTCCCGGCCGCCAGAGGGCGCGGCCGGCGATGGCGCGGCGGAGACGGAGGGAGGAGGGGAGCCGGC
Slc1A4_Deficiency,cogenital_and_chromosomal,bhrama,44,1,yes,autosomal_recessive_inheritance,9,Nervous_system,SLC1A4,TCGCCAGGGCTCAGGCCTGGGAACGGAAGAGGTTAAAATCCAGTGGCTTGTGTTTCAGCTTTGGTTACGTGGCAGAAACCAACTGGAAGTGGTGGCGTGAGAGCTCTG
Unilateral_Microphthalmia,cogenital_and_chromosomal,bhrama,98,9,yes,X-linked_recessive,37,Head_or_neck,VSX2,CTGGCCCCGGTGATTGGCTGCTCAGCTCTGACCCCACTTGGGCTGCCGCCTGGTTGGATAAAAGGGGAATCTCCTTGGGCTCCAGAGCATTAGACACCGGAGGGGGCA
Mef2C_Deletion,congenital_and_chromosomal_disorders,bhrama,71,1,yes,autosomal_dominant_inheritance,225,Skeletal_system,MEF2C,GCTTTAGCTCCATATAGTTTATTTCCTTGATAAAATTAGAATATGATAGTTCTTATGAAACTGACTTGCTGTTAGAGTGGTATTTAATTTTTCTTTTTTGTTCAGCAG
Syngap1_Syndrome,congenital_and_chromosomal_disorders,bhrama,12,1,yes,autosomal_dominant_inheritance,127,Nervous_system,SYNGAP1,CTCTCACAATCTGGGCCTCCCGGAGTAGGGGTGGGGGCTGCAGAGTCTCTCCCTCCTCCTCCTCCTCCTGCTCTCTTCGCTCTCGCTCGCTCCCCCGCCCCCCCTCTC
Primary_Congenital_Lymphedema,cogenital_and_chromosomal,bhrama,11,4,yes,autosomal_dominant_inheritance,11,Cardiovascular_system,FOXC2,GCGCCCCTGCTCGGCCCGAGCGCCGCCGCCCGCGCACCCTCGCCCCGGAGGCTGCCAGGAGCCCGGGGCCGCCCCTCCCGCTCCCCTCCTCTCCCCCTCTGGCTCTCT
Rieger_Syndrome,cogenital_and_chromosomal,bhrama,20,6,yes,autosomal_dominant_inheritance,32,Head_or_neck,PTCH1,TTTTGTTCATTTCTGGCGTTGCCATGCTGCTGTGTCGGGCACACGGAGGGTGGCGCGATCCACCCTGTCACAGCGCGTGTTCCCGTTTCCTCTTGATCTCCCAGGTAT
15Q24_Microdeletion_Syndrome,cogenital_and_chromosomal,bhrama,112,1,yes,sporadic,8,Head_or_neck,SIN3A,GGTAACAGAGAAGCGGCCGCGGCGGTAGAGGCGGCGGAGACGGTTTCTCCATCTTCCCCCCTCCCCTTCCCCCCTCGGAGTTTCCCTCCCTCCCTCCCTCCCTCCTTC
Satb2-Associated_Syndrome,cogenital_and_chromosomal,bhrama,60,1,yes,autosomal_dominant_inheritance,49,Head_or_neck,SATB2,TGTGGCTGTGGTGCAGCGCTCTGCCACTGGCCTGAACGTCTATCACGTGTATGAGCGGTTTTCCCTCTTTTTTCTCCCTCCCCCTTCCTCCCCCCACCCCCTCCCTAG
Alagille_Syndrome,cogenital_and_chromosomal,bhrama,114,1,yes,autosomal_dominant_inheritance,100,Skeletal_system,JAG1,CCCTTCCAAGTTCCTCCTCGCACTACCCCCTCCCCAGCAACGTGAAGGGGAGGGGCGTGCCCAGGGTGAGCACGCCCTCTCATGAATATTAATAAGCGCGCATGCGCC
Arteriovenous_Malformation,cogenital_and_chromosomal,bhrama,3,3,yes,autosomal_dominant_inheritance,27,Cardiovascular_system,EPHB4,TGCCGCGAGGAACAGCGAGAAGTGGAGGCCGAAAGCGAAGGAGAGATAGTGACTGTCAGAAAGAGAAACGGAGGTGGACAGAGAGTGGAGGAGAGATAGGTGAGAGAC
Cardiofaciocutaneous_Syndrome,cogenital_and_chromosomal,bhrama,233,4,yes,autosomal_dominant_inheritance,127,Head_or_neck,BRAF,TGGCCCAGGCGCCCTCCGCCCGCGGCGCCGCCCGGGCCGCTCCTCCCCGCGCCCCCCGCGCCCCCCGCTCCTCCGCCTCCGCCTCCGCCTCCGCCTCCCCCAGCTCTC
Chiari_Malformation,cogenital_and_chromosomal,bhrama,19,1,no,sporadic,1,Nervous_system,MBP,GATTCTGCTGATGAACAGAAAAAGAGGCTAAATAGAGTTGCTCGATTTATAATAACCTCATTAATCCAAAGATTTTTGTTTTGTATGTGTTTAAATAATAATTAAAAC
Neurofibromatosis_Type_1,cogenital_and_chromosomal,bhrama,20,3,yes,autosomal_dominant_inheritance,52,Head_or_neck,NF1,CCTCCAGGAGGACTCGCTTTTTCATTAATGAAACCGGCCGGCGCGGGCGCATGCGCGGCAGGCCGCCTTCCCTCTCGCTTCCCCCTCCCCTTTCCCAGCCGCGCTCTC
Pachygyria,cogenital_and_chromosomal,bhrama,12,7,yes,autosomal_recessive_inheritance,78,Nervous_system,TUBA1A,AAAAACCTCACATAGATAATTTTAACTGCAGTTTGAGGTTTAAGCAACAGAAAGTCTTCTAACCCCAGTCCCCTTTCTTCTCCTTCCGCCCCTCCCCAACCCCGCCCC
Pfeiffer_Syndrome,cogenital_and_chromosomal,bhrama,137,2,yes,autosomal_dominant_inheritance,39,Skeletal_system,FGFR2,TCTCCCAGTGGCCAGCACCCCCTGAAGCCCCCGGTGCGACGCCTTGTGGTTCCACAGCCCCCTCCACAATCATTCCTGTGTCGTCTAGCCTTTTCTTTTGCTTCCCTT
Arnold_Chiari_Syndrome,cogenital_and_chromosomal,bhrama,71,1,yes,sporadic,208,Nervous_system,DKKÂ 1.00,GCCCCTCCCAGCGCTTTGAAATCCCATCCCGGCTTTGTTGTCTCCCTCCCAAGGGGCCGGAATGCTCCGGGCCCGCGGTATAAAGGCAGCCGCGGTGGCGGTGGCGGC
Ccm3_Gene_Mutation,cogenital_and_chromosomal,bhrama,5,1,yes,autosomal_dominant_inheritance,28,Nervous_system,PDCD10,CGGACAACGCCTGGTTCCTCTTGGGTCCTTCCGGCGTCGCCGGAGTGAATTGATCCGGGAGTTGAAGAGGGCTGCAAGGTGGGAAGTGAAGTCAGTGCCTCAGTTGCT
Foxg1_Syndrome,cogenital_and_chromosomal,bhrama,43,1,yes,autosomal_dominant_inheritance,81,Nervous_system,FOXG1,GGGGGGAGACCAAGAAGTACAGTTGGGAGCGAGGGAGCTTCACCCCCGGGGCGGTGGTTGTTTCTTTTTTCTTTCTTTCTTTTTTCTTTTCCTTTTTTTTTTTTTTTC
Ichthyosis,cogenital_and_chromosomal,bhrama,1656,6,yes,autosomal_recessive_inheritance,864,Integument,TGM1,GCCCCCAGACCTCACCCCTGCTCCCTCCCTAGCATCTTCTCCCCATTTCCCGCCCAGAGGCCTGGCCTCTTCTCTCCGCCCCCTACAGCAGTTTGGCCCCTCCCTCCC
West_Syndrome,neruo,netra,143,29,yes,autosomal_dominant_inheritance,361,Nervous_system,ARX,CCGACGCAGCCCGGCCTCTGGCGAGAGCCAATCAGAGGGCGCCTCTCAGCACGTGGAGGAGAGAGACTCCAGAGCTCAGCGCCCGCTGCTCACTACACTTGTTACCGC
Duane_Syndrome,neuro,netra,7,4,yes,autosomal_dominant_inheritance,4,Skeletal_system,CHN1,GAGACAGAGTGAGTTTAGGAATACAGTACTTAAATACTGTTGCTTGATTTTCATTGGTTATCTCCTTTCTTACGGTGGCCAATCTAATGCAGCCTTCCTTGTGAAATC
Leber_Congenital_Amaurosis,neuro,netra,8,44,yes,autosomal_recessive_inheritance,8,Skeletal_system,RPE65,GCAACTTCTGTTCCCCCTCCCTCAGCTGAAGGGGTGGGGAAGGGCTCCCAAAGCCATAACTCCTTTTAAGGGATTTAGAAGGCATAAAAAGGCCCCTGGCTGAGAACT
Alternating_Hemiplegia_Of_Childhood,neuro,netra,9,4,yes,autosomal_dominant_inheritance,1,Nervous_system,ATP1A2,TAGGGCCAGTGGCTAAAGGGGCGGGAGGGGAGGAGTCCTCAGGGATCCTGTTTCAACAAACGTTTCTTTCGGAGGAGGGGAAGGCGGGGGAGAGGGGGAGAAGGACCT
Amyotrophic_Lateral_Sclerosis,neuro,netra,12,38,yes,autosomal_recessive_inheritance,13,Nervous_system,SOD1,GGGGAGTCTCCGGCGCACGCGGCCCCTTGGCCCCGCCCCCAGTCATTCCCGGCCACTCGCGACCCGAGGCTGCCGCAGGGGGCGGGCTGAGCGCGTGCGAGGCGATTG
Becker_Muscular_Dystrophy,neuro,netra,25,1,yes,X-linked_recessive_inheritance,75,Musculature,DMD,CACGGCCCCGCCCCGTCTGCCCGCAGCGCCCCCTCCCCGGCCCGCCCGCGCCGGCTCCTCCGCAGTGCTTTCAGCTGTGAGCTTGGGCGGCGGCGGCGGCGGCGCTCC
Centronuclear_Myopathy,neuro,netra,202,3,yes,xlinked,219,Musculature,DNM2,CCACCTCACGGTCCACAACATCGCCTACCAGGTGAGCCAGTGCCCGGGGCAAGGTGGGCGGGGGTGTCCTAGGTGCGTATGCCCCACGCTGACCTCCCCTCCCCGCAG
Charcot-Marie-Tooth,neuro,netra,14,28,yes,autosomal_dominant_inheritance,7,Nervous_system,MPZ,CCCACCACCTCTCAACTGCACATGCCAGGCTGCAATTGGTTACTGGCTGAGGACAGCCCCCTCATGCTGGGGCCCTAGGGGATTTTAAGCAGGTTCCAGGAACCCCCC
Duchenne_Muscular_Dystrophy,neuro,netra,27,3,yes,X-linked_recessive_inheritance,1143,Nervous_system,DMD,CACGGCCCCGCCCCGTCTGCCCGCAGCGCCCCCTCCCCGGCCCGCCCGCGCCGGCTCCTCCGCAGTGCTTTCAGCTGTGAGCTTGGGCGGCGGCGGCGGCGGCGCTCC
Dystonia_27,neuro,netra,9,1,yes,autosomal_recessive_inheritance,7,Nervous_system,COL6A3,CCAAGTGTCGCTTGTAATTCTATTAAATAACTGGTTTAATTGTGTGTTTTTTTTTTTTTTTTTTTTTTTTTTTTTTTTTTTTTTTTTTTTTTTTTTTTTTTTTTTTTT
Facioscapulohumeral_Muscular_Dystrophy,neuro,netra,7,5,yes,autosomal_dominant_inheritance,21,Musculature,SMCHD1,GGCGATAGGCGCTGGGCCCGGGCCCGGTGAGGAGCGCGCCGCGCGTCCCCTTCTCCTCAGGAGTGGCGGGCCGCGGAAGTGACGTGGTGCACGGGCAGGAGCGCGTTT
Friedreich_Ataxia,neuro,netra,71,3,yes,autosomal_recessive_inheritance,21,Nervous_system,FXN,CCGGCGGCCAAGCAGCCTCAATTTGTGCATGCACCCACTTCCCAGCAAGACAGCAGCTCCCAAGTTCCTCCTGTTTAGAATTTTAGAAGCGGCGGGCCACCAGGCTGC
Giant_Axonal_Neuropathy,neuro,netra,42,1,yes,autosomal_recessive_inheritance,14,Nervous_system,GAN,TCTCCAGCAGCGGAGGCGAGAAGGCGGGGAGCGACGGTGCGGGGGCGTCGCGGAGAAATGACTTCATGACGCGGCTTCTTAAAGGCGCCGGCCCAGCGCGCCGCGGAT
Hereditary_Spastic_Paraplegia,neuro,netra,37,29,yes,autosomal_dominant_inheritance,13,Nervous_system,SPAST,GACGCGCCGTGCGCGCGCGCGCCGGAGAAAAACACGGGAAGACGTGCGCGTGCGCGGCCGCCGCTGGGAGCCACCAGGCGGCGGAGAGGACAGCGACAGGAAGGGAGG
Huntington_Disease,neuro,netra,82,4,yes,autosomal_dominant_inheritance,48,Nervous_system,HTT,GAGTCCGCAGGCTAGGGCTGTCAATCATGCTGGCCGGCGTGGCCCCGCCTCCGCCGGCGCGGCCCCGCCTCCGCCGGCGCAGCGTCTGGGACGCAAGGCGCCGTGGGG
Inclusion_Body_Myositis,neuro,netra,63,1,yes,autosomal_dominant_inheritance,122,Musculature,GNE,CTGCGCCTCAAAATACCGCCGGGAAGGTGGGGGACGGGGACGGGAGCAGCCAATCACGCGAGCTCTCTCGGGTGGCGTCAGGGCGCGATCGCGGATTCGGCACTCCGG
Lama_Ii_Muscular_Dystrophy_(Merosin_Deficient),neuro,netra,63,1,yes,autosomal_recessive_inheritance,204,Nervous_system,LAMA2,CGTCCTGGGGCCGCGTGCCCATGGAAGGCGAGAGTGGAGGAGTGTCCTCTTTCTCCCCCACCCTCAGGCGGCGGCCCGGCCAAAGCCAGAGGGGGCTGTCTCCTCCTC
Lennox-Gastaut_Syndrome,neuro,netra,74,8,yes,autosomal_recessive_inheritance,128,Nervous_system,CHD2,TAGATTTTAGTTTCTTTTTTGTAATTAAAAAGTTTAAAAACACTTATTTTTACTTGCTATTGTTTGCTTCATAATTAAGTTTAGAATCTTATTTGTTTTCACCAAAAG
Nemaline_Myopathy,neuro,netra,43,2,yes,autosomal_dominant_inheritance,429,Musculature,NEB,TCCTCTAACTTACTCTCTTCCTCCCTTCCCACTCCCAACTGCTCCAAAGCAGGGGGAAAATGACTGATTGATTGCTTTTTTTGTTCTGGATGCTTTCTCATCATACAG
Neurodegeneration_With_Brain_Iron_Accumulation,neuro,netra,11,1,yes,autosomal_recessive_inheritance,1,Nervous_system,PANK2,TAACCCACCTCTTTCTTTCAGTTGCCATGGAGACAAGCCCCAGTCCTTTCATTCCTTCTGGTACCTCTCTCTCCAACGCAGGCGGAAAGGAGGCGGCTTAGCCCAAAC
Sepn1_Related_Myopathy_(Subtype_Of_Congenital_Muscular_Dystrophy,neuro,netra,24,4,yes,autosomal_recessive_inheritance,50,Musculature,SELENON,TGACCCCGCCCCGGGCTCTGGCCGGGCTGCGAAGCCGGGAACCAGCGACCCCCCGCCCAGCCCCTGCGGCCGCCCCGCCCCTCCCCGCCCCGGCCGCCCCGCCCCCGG
Spinal_Muscular_Atrophy,neuro,netra,8,6,yes,autosomal_recessive_inheritance,3,Nervous_system,SMN1,CTGAGCGACAGGGCGAGGCTCTGTCTCAAAACAAACAAACAAAAAAAAAAGGAAAGGAAATATAACACAGTGAAATGAAAGGATTGAGAGAAATGAAAAATATACACG
Canavan_Disease,neuro,netra,77,2,yes,autosomal_recessive_inheritance,66,Nervous_system,ASPA,TGGGTCATCCCAAAAATCAAGTACACTTTGGGAAACAGGGAGTTAAAAATCTTTCGGAAGTTAACTTGGTATAAGAGTATGAAAAGCCTCTGTTGCTCTACTTCTGAG
Kearns-Sayres_Syndrome,neuro,netra,34,1,yes,Mitochondrial_inheritance,4,Nervous_system,RRM2B,GTAGTTGGAGGTGGCCTGAGGAGCTCAGTTCCCTCAGCGCCCGTAGCTTCGGCGGAGTCTGCGCGATGGGCGACCCGGAAAGGCCGGAAGCGGCCGGGCTGGATCAGG
Hypokalemic_Periodic_Paralysis,neuro,netra,4,3,yes,autosomal_dominant_inheritance,45,Musculature,CACNA1S,AGGCCTGTGTGTAAGTTCTTCCCCCGACCCACCCCACCCTCCTCAGGGGACAGATTGGGAAGTCACTGGCTGGGCTGGGTGGAATGACAGCTGCCTGGCCTCAGAAGC
Kennedy's_Disease,neuro,netra,24,1,yes,X-linked_recessive_inheritance,57,Nervous_system,AR,AGGGGAGGGGAGGGAAAAGGAGGTGGGAAGGCAAGGAGGCCGGCCCGGTGGGGGCGGGACCCGACTCGCAAACTGTTGCATTTGCTCTCCACCTCCCAGCGCCCCCTC
Landau-Kleffner_Syndrome,neuro,netra,41,1,yes,autosomal_dominant_inheritance,63,Nervous_system,GRIN2A,CCGCGGGAGCCCGCGTCCTTCCCTCCCCCTCTCCTACTGCTGGCTCGTCACAAACTCAGCCAGCGCCCCCCCACCCTCGTTACCTCCTCTTTCTCTCCCTACCTCCCT
Multiple_System_Atrophy,neuro,netra,195,1,yes,autosomal_recessive_inheritance,48,Nervous_system,COQ2,AAGATCGAGTTGTAAAAAATTACAACTAAATTTATTGTAATTTTTTTGCCTTTTGCCAATAGAAATCCCTTTTTCATTAAGTATTCCTCCCTAGAGTAAGCGACCACG
Muscular_Dystrophy,neuro,netra,19,9,yes,autosomal_dominant_inheritance,8,Musculature,DMD,CACGGCCCCGCCCCGTCTGCCCGCAGCGCCCCCTCCCCGGCCCGCCCGCGCCGGCTCCTCCGCAGTGCTTTCAGCTGTGAGCTTGGGCGGCGGCGGCGGCGGCGCTCC
Myasthenia_Gravis,neuro,netra,50,1,no,sporadic,3,Nervous_system,AKAP12,TATGGTCGGACTCAGGAGGAGCCAGGGAGCGCTTGCCTTTCTCCTGCTAATGGGGAGGAGGCTGGAACAAATGTTTGGAGTTAAACACAATCTGCAGGAAAGCAAATG
Primary_Lateral_Sclerosis,neuro,netra,7,38,yes,autosomal_dominant_inheritance,955,Nervous_system,SOD1,GGGGAGTCTCCGGCGCACGCGGCCCCTTGGCCCCGCCCCCAGTCATTCCCGGCCACTCGCGACCCGAGGCTGCCGCAGGGGGCGGGCTGAGCGCGTGCGAGGCGATTG
Meniere's_Disease,neuro,netra,3,1,yes,autosomal_dominant_inheritance,3,Head_or_neck,FAM136A,AGCGGGAGGAGGGCGGTGGGCTCGCGGACACCAGCATGCAGTGGCTCCGTTCGGCCGCCAGGGGGGGGCGTGGGCCCTGGAAGGGCAGGCGGCGAAGGGCGGCGAAGG
Vestibular_Disorder,neuro,netra,5,1,no,autosomal_dominant_inheritance,3,Head_or_neck,COCH,GGGGGCGAAGGCGGAGCTGGAAGTCGCCGCCGGGCCCCGGGGGACCGGCTCCCGCGCTTCCTCCCGCGCCCCCCGCACAGTGCTCATGCGCACGGCCCAGCCTTTATA
Cdkl5_Deficiency_Disorder,neuro,netra,58,1,yes,X-linked_dominant,213,Nervous_system,CDKL5,AAAACCTGAGGTGCTTTCCCATTGGTCCGAACGGGCCGGCTGGGGCGGGGCAGTTAGCAAAATAGGCTGCGCGTTCGCTTCTGCTAGAGGGCGGGGCCGGAGGTTTCG
Corticobasal_Syndrome_Also_Referred_To_Corticobasal_Degeneration,neuro,netra,78,1,no,sporadic,1341,Nervous_system,TBK1,ACGGGGTGTCTCCAGACATCCCCCTCATTACCGTGGCCGCGGAAGCCGACTCGGCAGTTGCCGCCGCGGCTGTGGTGACTACCAGACGGGCCATAGGCGTGCGCACGC
Guillain-Barre_Syndrome,neuro,netra,21,1,yes,sporadic,1,Nervous_system,PMP22,CGGTCGGGCTGCGGGCGCTGGGCCAGGCCGGGCCTTCCGCTAGTGCGCGGGACCCTCCCTCTGCGCGCGCCTCCGTCGCTCGGCCCAGTGCGTTCGGCCTCACGCCCA
Limb_Girdle_Muscular_Dystrophy,neuro,netra,809,5,yes,autosomal_dominant_inheritance,1888,Musculature,CAPN3,AATCCGTACTTGTAGACTGTGAATTTTATAAAATGAAATATTTTTAAATTCTACCTTGAAATTTTCTTATATGAATACTGCTTCCCTGAGCGTGCTGCTCTGTTACAG
Neuromyelitis_Optica,neuro,netra,15,1,no,sporadic,2,Nervous_system,AQP4,TGTGCAAATCACGCCTGGCAGCCCCTGCCCACAGTACCCGAAGATGGCAGGCCTTGTTCCCTTCACCTAAATTCATAAACCTGGGTGTAGTGGCTTCTGATGCTGATT
Ohtahara_Syndrome,neuro,netra,1744,19,yes,sporadic,2442,Nervous_system,STXBP1,CCGCATCTCGGGGGGCGGGGTTGAGCCTCCGGGCCGCAGTGCGATTGGCGGAGGCGAGTGGGTGACGCCAACGGCCGGCGCGAGGCCCCGCCCCCGGCTTGCCCCGCC
Stxbp1_Encephaolopathy_With_Epilepsy,neuro,netra,15983,3,yes,autosomal_dominant_inheritance,13372,Nervous_system,STXBP1,CCGCATCTCGGGGGGCGGGGTTGAGCCTCCGGGCCGCAGTGCGATTGGCGGAGGCGAGTGGGTGACGCCAACGGCCGGCGCGAGGCCCCGCCCCCGGCTTGCCCCGCC
Alexander_Disease_Adult_Onset,neuro,netra,28,1,yes,autosomal_dominant_inheritance,1,Immune_system,GFAP,GGGCACAGTGACCTCAGTGGGGTGAGGGGAGCTCTCCCCATAGCTGGGCTGCGGCCCAACCCCACCCCCTCAGGCTATGCCAGGGGGTGTTGCCAGGGGCACCCGGGC
Osteopetrosis,neuro,netra,666,2,yes,autosomal_dominant_inheritance,176,Skeletal_system,CLCN7,CTCCCTCCGCACAAGGGTTTGGTTTGGTTTTTAAAATTGAAACATGATTCAAATACCGTAAAACTCATCGTTTTAAAGAGGGCAGTTCAGCGGCGTTTCTCACGTTCA
Atp6V1A_Gene_Mutation,neuro,netra,31,1,yes,autosomal_recessive_inheritance,2,Head_or_neck,ATP6V1A,ATATTCAAGGGATCCGTAAAAATTCAGGCCCCCCGAGATGTAGAGCGCTGGGATGGAGGAGGCAGGGCGGAGCTCGACGTCATGTGACTGGTTGGGCCCGCCCCCCCC
Cacna1S,neuro,netra,9,1,yes,autosomal_dominant_inheritance,12,Nervous_system,CACNA1S,AGGCCTGTGTGTAAGTTCTTCCCCCGACCCACCCCACCCTCCTCAGGGGACAGATTGGGAAGTCACTGGCTGGGCTGGGTGGAATGACAGCTGCCTGGCCTCAGAAGC
Cataplexy,neuro,netra,29,8,yes,sporadic,27,Nervous_system,HCRT,GCAGGCTAATCTTAGACTTGCCTTTGTCTGGCCTGGGTGTGGACGCAAGTGCCTGTCAATTCCCCGCCACCTCAGAGCACTATAAACCCCAGACCCCTGGGAGTGGGT
Communicating_Hydrocephalus,neuro,netra,7,1,no,autosomal_dominant_inheritance,3,Nervous_system,SERPINA3,TGAACAGATACTTAGAGGTTGATGCCCATAGGCAGAAGCTTTGCCATTTGCTATGATGACTTCACCTGCCCCTAGTGGCCTGGTGATGCCTGGTGTCTCCCCTGCAGA
Dravet_Syndrome,neuro,netra,18,8,yes,autosomal_dominant_inheritance,349,nervous_system,SCN1A,GGAGAAAACAGACTTTAAATCCTCTAGCTCATGTTTCATGACAAGAATTTATTTATATTAACATCTCTTAGTCCACTCTTTAAAATATCTGTATTCCTTTTATTTTAG
Dysautonomia,neuro,netra,0,2,yes,autosomal_recessive_inheritance,4,nervous_system,CPT2,TTATATGTCAATGACCTTCAGCACGGATTACTAACAACAGTAACATCCGTTACCGTTTACTGCTTTCCTATTAAGCACCATGCACTGTGCATAACATGTTATCTTTAT
Familial_Dysautonomia,neuro,netra,57,2,yes,autosomal_recessive_inheritance,59,Skeletal_system,CPT2,TTATATGTCAATGACCTTCAGCACGGATTACTAACAACAGTAACATCCGTTACCGTTTACTGCTTTCCTATTAAGCACCATGCACTGTGCATAACATGTTATCTTTAT
Myotonic_Muscular_Dystrophy,neuro,netra,137,1,yes,autosomal_dominant_inheritance,202,Nervous_system,DMPK,CAGGTCGGGATCGGGGCCGGGGCCGGGGCCGGGATGCGGGCCGGTGGCAACCCTTGGCATCCCCTCTCGTCCGGCCCGGACGGACTCACCGTCCTTACCTCCCCACAG
Narcolepsy,neuro,netra,34,1,yes,autosomal_dominant_inheritance,30,Nervous_system,HCRT,GCAGGCTAATCTTAGACTTGCCTTTGTCTGGCCTGGGTGTGGACGCAAGTGCCTGTCAATTCCCCGCCACCTCAGAGCACTATAAACCCCAGACCCCTGGGAGTGGGT
Scn8A,neuro,netra,10,19,yes,autosomal_dominant_inheritance,69,Nervous_system,SCN8A,GCGGGGCGGGCGGGGGGCCCGGCAGTAGGGGCGCGCGCGCGGTGGCGCGCGGCGGGCGCGAGTCATCAATTATGCAAGGACTCGGGCGGTGCGGGGGGCGGGCGCGGG
Spinocerebellar_Ataxia,neuro,netra,65,2,yes,autosomal_dominant_inheritance,5,Nervous_system,ATXN1,GAGCGAGCGAGCGCGAGAGAGCGCGAGGGAGGGAGGGAGGGCGGGCGGGCGGAGGGAGGAGGGAGGGGAGGGGAGCGGGAGGAGGGGGAGGAGGAGGAGGAGGAGGAG
Trpv4,neuro,netra,119,1,yes,autosomal_dominant_inheritance,39,Skeletal_system,TRPV4,GTCCACGTGGGAGGGGGCTTCCTGGAGCCCCCGCCCCTGGCCGGGTTCTGCCTGACTCCCCTTTCATTCCCTTGCAGGCTGAGCAGTGCAGACGGGCCTGGGGCAGGC
Tubulinopathy_Tuba1A,neuro,netra,0,1,yes,autosomal_dominant_inheritance,112,nervous_system,TUBA1A,AAAAACCTCACATAGATAATTTTAACTGCAGTTTGAGGTTTAAGCAACAGAAAGTCTTCTAACCCCAGTCCCCTTTCTTCTCCTTCCGCCCCTCCCCAACCCCGCCCC
Microvillus_Inclusion_Disease,digestive,agni,15,2,yes,autosomal_recessive_inheritance,17,Digestive_system,MYO5B,GCGCCAGAGAGCCTGACCTGGGAGGAGTCTTGCCTTGAGAGAATGGACTCTGACTCATCATCTCCCACTTCCTGAGTTCCAGAGCAGGTGGCAACAGCCTGTGAAGAG
Primary_Biliary_Cholangitis,digestive,agni,33,8,yes,sporadic,32,digestive_system,IRF5,GCGCCCTCATTTGTGTGCAGCCCCGGAGGACCAGAGTGGGGAAGCACCCCACCCTCTCCCAGGGCCCAACTGAGCACTGCAGCGGGAGGTACGGGGTTGTCAAATGAC
Short_Bowel_Syndrome,digestive,agni,8,1,no,autosomal_recessive_inheritance,5,Digestive_system,CLMP,AGCTCACGCTTCTCCCCGACCGGCCCCCACCGCAAACCCCAAACGCCGCGCGGGAGGGAGGGAGGGAAGGAGGGAACAGCGAGAGAGAGAGGGAGGGGCTGCGGTAGG
Autoimmune_Pancreatitis,digestive,agni,1,1,no,autosomal_dominant_inheritance,2,Immune_system,IL33,AACTCTGTTGGCTCTTTACATGAGATTTCAAGCCTGCTAAAATCTCACCCGCCCAGATCTCCCTTCTAAGGCAATTTGGGTCTCTGCCAAACTTTGGCTAATAAAAAG
Chronic_Intestinal_Pseudo-Obstruction,digestive,agni,43,3,yes,sporadic,11,Digestive_system,ACTG2,CCCCCTTCCCTACCCCCAAGGCGATTTATTGAAAAAACCACCTTATATGGTAATATTGCTAACACACCGTCAGCTGGCCTTTTTAGGGACTTTGTTTAAAGAAGATCC
Sickle_Cell_Disease,blood,rishi,39,2,yes,autosomal_recessive_inheritance,101,blood,HBB,CCTCACCCTGTGGAGCCACACCCTAGGGTTGGCCAATCTACTCCCAGGAGCAGGGAGGGCAGGAGCCAGGGCTGGGCATAAAAGTCAGGGCAGAGCCATCTATTGCTT
Moyamoya,circulatory,rishi,64,4,yes,autosomal_recessive_inheritance,60,Cardiovascular_system,GUCY1A1,TTTTCTTTTTAAGTGTGCCAAATTTTCCTGGAGTCCCCTCCAATTTTTTTCTTTCTCTCTCTCTCTCTCTTTTTTTTTTTTTGTCCCCTGCCCCTAGGTCTCTGTCTC
Cnot3_Mutation,circulatory_blood,rishi,40,1,yes,autosomal_dominant_inheritance,7,Head_or_neck,CNOT3,AGGGCGCATCCCTGCCAGGAACCAATAGAAAGCCTCCAAGGGTCAGGAGCGACGTTCAGCAGGAGCAATGACTGGCCTATATTCGGGACTCGGGGGCGGGTCGGCGCC
Hemophilia,circulatory_blood,rishi,19,1,no,X-linked_recessive_inheritance,181,Blood_and_blood-forming_tissues,F8,GCCGCCGCCGCCCAGGCCTGCAGCCGCTGCCGCCATGCTCGCCGCCCCAAGCACTTCCCGACGCGCCGCCGCAGCTGGCGGGCGGGCCGGGGCGGGGCGACGTGCCCT
Thalassemia,circulatory_blood,rishi,190,1,yes,autosomal_recessive_inheritance,370,Blood_and_blood-forming_tissues,MIR144,GAGCTGTAGAGCAGGGAGCAGGAAGCTGTGTGTGTCCAGCCCTGACCTGTCCTGTTCTGCCCCCAGCCCCTCACAGTGCTTTTCAAGCCATGCTTCCTGTGCCCCCAG
Cadasil,circulatory_blood,rishi,82,1,yes,autosomal_dominant_inheritance,62,Nervous_system,NOTCH3,CCGGGAGGCCGGGCGGGGGGCGGGGGCGCGCTGGGCCGGCCCCGGGGCGGGGCGAGCCTTCGAGGGCTGGGGGCGGGGCGGCCCGGCCGCCTCACTTCGGCGAAGTTG
Pulmonary_Hypertension,circulatory_blood,rishi,239,2,yes,autosomal_dominant_inheritance,486,Cardiovascular_system,BMPR2,AGAGACAGACAGGGCCGGGAAGAGCCGGAGACTGAGGAGGAGGCGGAGGCGGCGGCGGAGGCGGGGCGACTCCGGTGACCGGGAGCGCCGCAGACTGGCAGCTGCGGC
Idiopathic_Thrombocytopenia_Purpura,cirulatory,rishi,12,1,no,autosomal_dominant_inheritance,3,Blood_and_blood-forming_tissues,SOCS1,GGCGGGGCCGGCAGGGGGCGGGGCCTCCCGCCGTCGCCAGCCCCGCCTCCGAGCCGGTTTAAAAGACTGGCGCAGGGGCGGGCGCCGAACAGAGCGAGCTGCGGCCGT
Catecholaminergic_Polymorphic_Ventricular_Tachycardia,cirulatory,rishi,5,7,yes,autosomal_dominant_inheritance,6,Cardiovascular_system,CASQ2,ATTTATTTTTAGCCTGAAACAACTGCATCCTAAAAATGGAGTTCCTAATGAGACAGAGGCTGAGCAGAGCTATGTAAGGTATCTGGGGCTTGGCCTCCCAGCCTCCCT
Long_Qt_Syndrome,cirulatory,rishi,5,12,yes,Heterogeneous,92,Cardiovascular_system,KCNH2,GCTGCAGGAGCCTGGGCGGGCTGCGGGGGAGGGGGCCGCTGGCTGGGCACCGGCGGGGCGGGGGAGCCTAGTGTGGCGGGGTGGGGGTGGGGACCTGGTAGAAGGAGG
Postural_Orthostatic_Tachycardia_Syndrome,cirulatory,rishi,1,1,no,autosomal_dominant_inheritance,1,Nervous_system,SLC44A1,GAGGGACTGGGCGCGGGAGGCGGGAGGCGGGGGGACAGAGGGAGGCGCCGCCGCCGCCGCCGCCCGCCCCTTTCCGCTGGGGAGCAGCTGCTGCAGCAGGAGCAGAGC